1;1;EL ENCANTO
2;1;LA CHORRERA
3;1;LA PEDRERA
4;1;LA VICTORIA
5;1;LETICIA
6;1;MIRITÍ - PARANÁ
7;1;PUERTO ALEGRÍA
8;1;PUERTO ARICA
9;1;PUERTO NARIÑO
10;1;PUERTO SANTANDER
11;1;TARAPACÁ
12;2;ABEJORRAL
13;2;ABRIAQUÍ
14;2;ALEJANDRÍA
15;2;AMAGÁ
16;2;AMALFI
17;2;ANDES
18;2;ANGELÓPOLIS
19;2;ANGOSTURA
20;2;ANORÍ
21;2;ANZÁ
22;2;APARTADÓ
23;2;ARBOLETES
24;2;ARGELIA
25;2;ARMENIA
26;2;BARBOSA
27;2;BELLO
28;2;BELMIRA
29;2;BETANIA
30;2;BETULIA
31;2;BRICEÑO
32;2;BURITICÁ
33;2;CÁCERES
34;2;CAICEDO
35;2;CALDAS
36;2;CAMPAMENTO
37;2;CAÑASGORDAS
38;2;CARACOLÍ
39;2;CARAMANTA
40;2;CAREPA
41;2;CAROLINA
42;2;CAUCASIA
43;2;CHIGORODÓ
44;2;CISNEROS
45;2;CIUDAD BOLÍVAR
46;2;COCORNÁ
47;2;CONCEPCIÓN
48;2;CONCORDIA
49;2;COPACABANA
50;2;DABEIBA
51;2;DONMATÍAS
52;2;EBÉJICO
53;2;EL BAGRE
54;2;EL CARMEN DE VIBORAL
55;2;EL SANTUARIO
56;2;ENTRERRÍOS
57;2;ENVIGADO
58;2;FREDONIA
59;2;FRONTINO
60;2;GIRALDO
61;2;GIRARDOTA
62;2;GÓMEZ PLATA
63;2;GRANADA
64;2;GUADALUPE
65;2;GUARNE
66;2;GUATAPÉ
67;2;HELICONIA
68;2;HISPANIA
69;2;ITAGÜÍ
70;2;ITUANGO
71;2;JARDÍN
72;2;JERICÓ
73;2;LA CEJA
74;2;LA ESTRELLA
75;2;LA PINTADA
76;2;LA UNIÓN
77;2;LIBORINA
78;2;MACEO
79;2;MARINILLA
80;2;MEDELLÍN
81;2;MONTEBELLO
82;2;MURINDÓ
83;2;MUTATÁ
84;2;NARIÑO
85;2;NECHÍ
86;2;NECOCLÍ
87;2;OLAYA
88;2;PEÑOL
89;2;PEQUE
90;2;PUEBLORRICO
91;2;PUERTO BERRÍO
92;2;PUERTO NARE
93;2;PUERTO TRIUNFO
94;2;REMEDIOS
95;2;RETIRO
96;2;RIONEGRO
97;2;SABANALARGA
98;2;SABANETA
99;2;SALGAR
100;2;SAN ANDRÉS DE CUERQUÍA
101;2;SAN CARLOS
102;2;SAN FRANCISCO
103;2;SAN JERÓNIMO
104;2;SAN JOSÉ DE LA MONTAÑA
105;2;SAN JUAN DE URABÁ
106;2;SAN LUIS
107;2;SAN PEDRO DE LOS MILAGROS
108;2;SAN PEDRO DE URABÁ
109;2;SAN RAFAEL
110;2;SAN ROQUE
111;2;SAN VICENTE FERRER
112;2;SANTA BÁRBARA
113;2;SANTA FÉ DE ANTIOQUIA
114;2;SANTA ROSA DE OSOS
115;2;SANTO DOMINGO
116;2;SEGOVIA
117;2;SONSÓN
118;2;SOPETRÁN
119;2;TÁMESIS
120;2;TARAZÁ
121;2;TARSO
122;2;TITIRIBÍ
123;2;TOLEDO
124;2;TURBO
125;2;URAMITA
126;2;URRAO
127;2;VALDIVIA
128;2;VALPARAÍSO
129;2;VEGACHÍ
130;2;VENECIA
131;2;VIGÍA DEL FUERTE
132;2;YALÍ
133;2;YARUMAL
134;2;YOLOMBÓ
135;2;YONDÓ
136;2;ZARAGOZA
137;3;ARAUCA
138;3;ARAUQUITA
139;3;CRAVO NORTE
140;3;FORTUL
141;3;PUERTO RONDÓN
142;3;SARAVENA
143;3;TAME
144;4;PROVIDENCIA
145;4;SAN ANDRÉS
146;5;BARANOA
147;5;BARRANQUILLA
148;5;CAMPO DE LA CRUZ
149;5;CANDELARIA
150;5;GALAPA
151;5;JUAN DE ACOSTA
152;5;LURUACO
153;5;MALAMBO
154;5;MANATÍ
155;5;PALMAR DE VARELA
156;5;PIOJÓ
157;5;POLONUEVO
158;5;PONEDERA
159;5;PUERTO COLOMBIA
160;5;REPELÓN
161;5;SABANAGRANDE
162;5;SABANALARGA
163;5;SANTA LUCÍA
164;5;SANTO TOMÁS
165;5;SOLEDAD
166;5;SUAN
167;5;TUBARÁ
168;5;USIACURÍ
169;6;BOGOTÁ, D.C.
170;7;ACHÍ
171;7;ALTOS DEL ROSARIO
172;7;ARENAL
173;7;ARJONA
174;7;ARROYOHONDO
175;7;BARRANCO DE LOBA
176;7;CALAMAR
177;7;CANTAGALLO
178;7;CARTAGENA DE INDIAS
179;7;CICUCO
180;7;CLEMENCIA
181;7;CÓRDOBA
182;7;EL CARMEN DE BOLÍVAR
183;7;EL GUAMO
184;7;EL PEÑÓN
185;7;HATILLO DE LOBA
186;7;MAGANGUÉ
187;7;MAHATES
188;7;MARGARITA
189;7;MARÍA LA BAJA
190;7;MOMPÓS
191;7;MONTECRISTO
192;7;MORALES
193;7;NOROSÍ
194;7;PINILLOS
195;7;REGIDOR
196;7;RÍO VIEJO
197;7;SAN CRISTÓBAL
198;7;SAN ESTANISLAO
199;7;SAN FERNANDO
200;7;SAN JACINTO
201;7;SAN JACINTO DEL CAUCA
202;7;SAN JUAN NEPOMUCENO
203;7;SAN MARTÍN DE LOBA
204;7;SAN PABLO
205;7;SANTA CATALINA
206;7;SANTA ROSA
207;7;SANTA ROSA DEL SUR
208;7;SIMITÍ
209;7;SOPLAVIENTO
210;7;TALAIGUA NUEVO
211;7;TIQUISIO
212;7;TURBACO
213;7;TURBANÁ
214;7;VILLANUEVA
215;7;ZAMBRANO
216;8;ALMEIDA
217;8;AQUITANIA
218;8;ARCABUCO
219;8;BELÉN
220;8;BERBEO
221;8;BETÉITIVA
222;8;BOAVITA
223;8;BOYACÁ
224;8;BRICEÑO
225;8;BUENAVISTA
226;8;BUSBANZÁ
227;8;CALDAS
228;8;CAMPOHERMOSO
229;8;CERINZA
230;8;CHINAVITA
231;8;CHIQUINQUIRÁ
232;8;CHÍQUIZA
233;8;CHISCAS
234;8;CHITA
235;8;CHITARAQUE
236;8;CHIVATÁ
237;8;CHIVOR
238;8;CIÉNEGA
239;8;CÓMBITA
240;8;COPER
241;8;CORRALES
242;8;COVARACHÍA
243;8;CUBARÁ
244;8;CUCAITA
245;8;CUÍTIVA
246;8;DUITAMA
247;8;EL COCUY
248;8;EL ESPINO
249;8;FIRAVITOBA
250;8;FLORESTA
251;8;GACHANTIVÁ
252;8;GÁMEZA
253;8;GARAGOA
254;8;GUACAMAYAS
255;8;GUATEQUE
256;8;GUAYATÁ
257;8;GÜICÁN
258;8;IZA
259;8;JENESANO
260;8;JERICÓ
261;8;LA CAPILLA
262;8;LA UVITA
263;8;LA VICTORIA
264;8;LABRANZAGRANDE
265;8;MACANAL
266;8;MARIPÍ
267;8;MIRAFLORES
268;8;MONGUA
269;8;MONGUÍ
270;8;MONIQUIRÁ
271;8;MOTAVITA
272;8;MUZO
273;8;NOBSA
274;8;NUEVO COLÓN
275;8;OICATÁ
276;8;OTANCHE
277;8;PACHAVITA
278;8;PÁEZ
279;8;PAIPA
280;8;PAJARITO
281;8;PANQUEBA
282;8;PAUNA
283;8;PAYA
284;8;PAZ DE RÍO
285;8;PESCA
286;8;PISBA
287;8;PUERTO BOYACÁ
288;8;QUÍPAMA
289;8;RAMIRIQUÍ
290;8;RÁQUIRA
291;8;RONDÓN
292;8;SABOYÁ
293;8;SÁCHICA
294;8;SAMACÁ
295;8;SAN EDUARDO
296;8;SAN JOSÉ DE PARE
297;8;SAN LUIS DE GACENO
298;8;SAN MATEO
299;8;SAN MIGUEL DE SEMA
300;8;SAN PABLO DE BORBUR
301;8;SANTA MARÍA
302;8;SANTA ROSA DE VITERBO
303;8;SANTA SOFÍA
304;8;SANTANA
305;8;SATIVANORTE
306;8;SATIVASUR
307;8;SIACHOQUE
308;8;SOATÁ
309;8;SOCHA
310;8;SOCOTÁ
311;8;SOGAMOSO
312;8;SOMONDOCO
313;8;SORA
314;8;SORACÁ
315;8;SOTAQUIRÁ
316;8;SUSACÓN
317;8;SUTAMARCHÁN
318;8;SUTATENZA
319;8;TASCO
320;8;TENZA
321;8;TIBANÁ
322;8;TIBASOSA
323;8;TINJACÁ
324;8;TIPACOQUE
325;8;TOCA
326;8;TOGÜÍ
327;8;TÓPAGA
328;8;TOTA
329;8;TUNJA
330;8;TUNUNGUÁ
331;8;TURMEQUÉ
332;8;TUTA
333;8;TUTAZÁ
334;8;ÚMBITA
335;8;VENTAQUEMADA
336;8;VILLA DE LEYVA
337;8;VIRACACHÁ
338;8;ZETAQUIRA
339;9;AGUADAS
340;9;ANSERMA
341;9;ARANZAZU
342;9;BELALCÁZAR
343;9;CHINCHINÁ
344;9;FILADELFIA
345;9;LA DORADA
346;9;LA MERCED
347;9;MANIZALES
348;9;MANZANARES
349;9;MARMATO
350;9;MARQUETALIA
351;9;MARULANDA
352;9;NEIRA
353;9;NORCASIA
354;9;PÁCORA
355;9;PALESTINA
356;9;PENSILVANIA
357;9;RIOSUCIO
358;9;RISARALDA
359;9;SALAMINA
360;9;SAMANÁ
361;9;SAN JOSÉ
362;9;SUPÍA
363;9;VICTORIA
364;9;VILLAMARÍA
365;9;VITERBO
366;10;ALBANIA
367;10;BELÉN DE LOS ANDAQUÍES
368;10;CARTAGENA DEL CHAIRÁ
369;10;CURILLO
370;10;EL DONCELLO
371;10;EL PAUJÍL
372;10;FLORENCIA
373;10;LA MONTAÑITA
374;10;MILÁN
375;10;MORELIA
376;10;PUERTO RICO
377;10;SAN JOSÉ DEL FRAGUA
378;10;SAN VICENTE DEL CAGUÁN
379;10;SOLANO
380;10;SOLITA
381;10;VALPARAÍSO
382;11;AGUAZUL
383;11;CHÁMEZA
384;11;HATO COROZAL
385;11;LA SALINA
386;11;MANÍ
387;11;MONTERREY
388;11;NUNCHÍA
389;11;OROCUÉ
390;11;PAZ DE ARIPORO
391;11;PORE
392;11;RECETOR
393;11;SABANALARGA
394;11;SÁCAMA
395;11;SAN LUIS DE PALENQUE
396;11;TÁMARA
397;11;TAURAMENA
398;11;TRINIDAD
399;11;VILLANUEVA
400;11;YOPAL
401;12;ALMAGUER
402;12;ARGELIA
403;12;BALBOA
404;12;BOLÍVAR
405;12;BUENOS AIRES
406;12;CAJIBÍO
407;12;CALDONO
408;12;CALOTO
409;12;CORINTO
410;12;EL TAMBO
411;12;FLORENCIA
412;12;GUACHENÉ
413;12;GUAPÍ
414;12;INZÁ
415;12;JAMBALÓ
416;12;LA SIERRA
417;12;LA VEGA
418;12;LÓPEZ DE MICAY
419;12;MERCADERES
420;12;MIRANDA
421;12;MORALES
422;12;PADILLA
423;12;PÁEZ
424;12;PATÍA
425;12;PIAMONTE
426;12;PIENDAMÓ
427;12;POPAYÁN
428;12;PUERTO TEJADA
429;12;PURACÉ
430;12;ROSAS
431;12;SAN SEBASTIÁN
432;12;SANTA ROSA
433;12;SANTANDER DE QUILICHAO
434;12;SILVIA
435;12;SOTARA
436;12;SUÁREZ
437;12;SUCRE
438;12;TIMBÍO
439;12;TIMBIQUÍ
440;12;TORIBÍO
441;12;TOTORÓ
442;12;VILLA RICA
443;13;AGUACHICA
444;13;AGUSTÍN CODAZZI
445;13;ASTREA
446;13;BECERRIL
447;13;BOSCONIA
448;13;CHIMICHAGUA
449;13;CHIRIGUANÁ
450;13;CURUMANÍ
451;13;EL COPEY
452;13;EL PASO
453;13;GAMARRA
454;13;GONZÁLEZ
455;13;LA GLORIA
456;13;LA JAGUA DE IBIRICO
457;13;LA PAZ
458;13;MANAURE BALCÓN DEL CESAR
459;13;PAILITAS
460;13;PELAYA
461;13;PUEBLO BELLO
462;13;RÍO DE ORO
463;13;SAN ALBERTO
464;13;SAN DIEGO
465;13;SAN MARTÍN
466;13;TAMALAMEQUE
467;13;VALLEDUPAR
468;14;ACANDÍ
469;14;ALTO BAUDÓ
470;14;ATRATO
471;14;BAGADÓ
472;14;BAHÍA SOLANO
473;14;BAJO BAUDÓ
474;14;BOJAYÁ
475;14;CARMEN DEL DARIÉN
476;14;CÉRTEGUI
477;14;CONDOTO
478;14;EL CANTÓN DEL SAN PABLO
479;14;EL CARMEN DE ATRATO
480;14;EL LITORAL DEL SAN JUAN
481;14;ISTMINA
482;14;JURADÓ
483;14;LLORÓ
484;14;MEDIO ATRATO
485;14;MEDIO BAUDÓ
486;14;MEDIO SAN JUAN
487;14;NÓVITA
488;14;NUQUÍ
489;14;QUIBDÓ
490;14;RÍO IRÓ
491;14;RÍO QUITO
492;14;RIOSUCIO
493;14;SAN JOSÉ DEL PALMAR
494;14;SIPÍ
495;14;TADÓ
496;14;UNGUÍA
497;14;UNIÓN PANAMERICANA
498;15;AYAPEL
499;15;BUENAVISTA
500;15;CANALETE
501;15;CERETÉ
502;15;CHIMÁ
503;15;CHINÚ
504;15;CIÉNAGA DE ORO
505;15;COTORRA
506;15;LA APARTADA
507;15;LORICA
508;15;LOS CÓRDOBAS
509;15;MOMIL
510;15;MONTELÍBANO
511;15;MONTERÍA
512;15;MOÑITOS
513;15;PLANETA RICA
514;15;PUEBLO NUEVO
515;15;PUERTO ESCONDIDO
516;15;PUERTO LIBERTADOR
517;15;PURÍSIMA DE LA CONCEPCIÓN
518;15;SAHAGÚN
519;15;SAN ANDRÉS DE SOTAVENTO
520;15;SAN ANTERO
521;15;SAN BERNARDO DEL VIENTO
522;15;SAN CARLOS
523;15;SAN JOSÉ DE URÉ
524;15;SAN PELAYO
525;15;TIERRALTA
526;15;TUCHÍN
527;15;VALENCIA
528;16;AGUA DE DIOS
529;16;ALBÁN
530;16;ANAPOIMA
531;16;ANOLAIMA
532;16;APULO
533;16;ARBELÁEZ
534;16;BELTRÁN
535;16;BITUIMA
536;16;BOJACÁ
537;16;CABRERA
538;16;CACHIPAY
539;16;CAJICÁ
540;16;CAPARRAPÍ
541;16;CÁQUEZA
542;16;CARMEN DE CARUPA
543;16;CHAGUANÍ
544;16;CHÍA
545;16;CHIPAQUE
546;16;CHOACHÍ
547;16;CHOCONTÁ
548;16;COGUA
549;16;COTA
550;16;CUCUNUBÁ
551;16;EL COLEGIO
552;16;EL PEÑÓN
553;16;EL ROSAL
554;16;FACATATIVÁ
555;16;FÓMEQUE
556;16;FOSCA
557;16;FUNZA
558;16;FÚQUENE
559;16;FUSAGASUGÁ
560;16;GACHALÁ
561;16;GACHANCIPÁ
562;16;GACHETÁ
563;16;GAMA
564;16;GIRARDOT
565;16;GRANADA
566;16;GUACHETÁ
567;16;GUADUAS
568;16;GUASCA
569;16;GUATAQUÍ
570;16;GUATAVITA
571;16;GUAYABAL DE SÍQUIMA
572;16;GUAYABETAL
573;16;GUTIÉRREZ
574;16;JERUSALÉN
575;16;JUNÍN
576;16;LA CALERA
577;16;LA MESA
578;16;LA PALMA
579;16;LA PEÑA
580;16;LA VEGA
581;16;LENGUAZAQUE
582;16;MACHETÁ
583;16;MADRID
584;16;MANTA
585;16;MEDINA
586;16;MOSQUERA
587;16;NARIÑO
588;16;NEMOCÓN
589;16;NILO
590;16;NIMAIMA
591;16;NOCAIMA
592;16;PACHO
593;16;PAIME
594;16;PANDI
595;16;PARATEBUENO
596;16;PASCA
597;16;PUERTO SALGAR
598;16;PULÍ
599;16;QUEBRADANEGRA
600;16;QUETAME
601;16;QUIPILE
602;16;RICAURTE
603;16;SAN ANTONIO DEL TEQUENDAMA
604;16;SAN BERNARDO
605;16;SAN CAYETANO
606;16;SAN FRANCISCO
607;16;SAN JUAN DE RIOSECO
608;16;SASAIMA
609;16;SESQUILÉ
610;16;SIBATÉ
611;16;SILVANIA
612;16;SIMIJACA
613;16;SOACHA
614;16;SOPÓ
615;16;SUBACHOQUE
616;16;SUESCA
617;16;SUPATÁ
618;16;SUSA
619;16;SUTATAUSA
620;16;TABIO
621;16;TAUSA
622;16;TENA
623;16;TENJO
624;16;TIBACUY
625;16;TIBIRITA
626;16;TOCAIMA
627;16;TOCANCIPÁ
628;16;TOPAIPÍ
629;16;UBALÁ
630;16;UBAQUE
631;16;UNE
632;16;ÚTICA
633;16;VENECIA
634;16;VERGARA
635;16;VIANÍ
636;16;VILLA DE SAN DIEGO DE UBATÉ
637;16;VILLAGÓMEZ
638;16;VILLAPINZÓN
639;16;VILLETA
640;16;VIOTÁ
641;16;YACOPÍ
642;16;ZIPACÓN
643;16;ZIPAQUIRÁ
644;17;BARRANCO MINAS
645;17;CACAHUAL
646;17;INÍRIDA
647;17;LA GUADALUPE
648;17;MAPIRIPANA
649;17;MORICHAL
650;17;PANA PANA
651;17;PUERTO COLOMBIA
652;17;SAN FELIPE
653;18;CALAMAR
654;18;EL RETORNO
655;18;MIRAFLORES
656;18;SAN JOSÉ DEL GUAVIARE
657;19;ACEVEDO
658;19;AGRADO
659;19;AIPE
660;19;ALGECIRAS
661;19;ALTAMIRA
662;19;BARAYA
663;19;CAMPOALEGRE
664;19;COLOMBIA
665;19;ELÍAS
666;19;GARZÓN
667;19;GIGANTE
668;19;GUADALUPE
669;19;HOBO
670;19;ÍQUIRA
671;19;ISNOS
672;19;LA ARGENTINA
673;19;LA PLATA
674;19;NÁTAGA
675;19;NEIVA
676;19;OPORAPA
677;19;PAICOL
678;19;PALERMO
679;19;PALESTINA
680;19;PITAL
681;19;PITALITO
682;19;RIVERA
683;19;SALADOBLANCO
684;19;SAN AGUSTÍN
685;19;SANTA MARÍA
686;19;SUAZA
687;19;TARQUI
688;19;TELLO
689;19;TERUEL
690;19;TESALIA
691;19;TIMANÁ
692;19;VILLAVIEJA
693;19;YAGUARÁ
694;20;ALBANIA
695;20;BARRANCAS
696;20;DIBULLA
697;20;DISTRACCIÓN
698;20;EL MOLINO
699;20;FONSECA
700;20;HATONUEVO
701;20;LA JAGUA DEL PILAR
702;20;MAICAO
703;20;MANAURE
704;20;RIOHACHA
705;20;SAN JUAN DEL CESAR
706;20;URIBIA
707;20;URUMITA
708;20;VILLANUEVA
709;21;ALGARROBO
710;21;ARACATACA
711;21;ARIGUANÍ
712;21;CERRO DE SAN ANTONIO
713;21;CHIVOLO
714;21;CIÉNAGA
715;21;CONCORDIA
716;21;EL BANCO
717;21;EL PIÑÓN
718;21;EL RETÉN
719;21;FUNDACIÓN
720;21;GUAMAL
721;21;NUEVA GRANADA
722;21;PEDRAZA
723;21;PIJIÑO DEL CARMEN
724;21;PIVIJAY
725;21;PLATO
726;21;PUEBLOVIEJO
727;21;REMOLINO
728;21;SABANAS DE SAN ÁNGEL
729;21;SALAMINA
730;21;SAN SEBASTIÁN DE BUENAVISTA
731;21;SAN ZENÓN
732;21;SANTA ANA
733;21;SANTA BÁRBARA DE PINTO
734;21;SANTA MARTA
735;21;SITIONUEVO
736;21;TENERIFE
737;21;ZAPAYÁN
738;21;ZONA BANANERA
739;22;ACACÍAS
740;22;BARRANCA DE UPÍA
741;22;CABUYARO
742;22;CASTILLA LA NUEVA
743;22;CUMARAL
744;22;EL CALVARIO
745;22;EL CASTILLO
746;22;EL DORADO
747;22;FUENTE DE ORO
748;22;GRANADA
749;22;GUAMAL
750;22;LA MACARENA
751;22;LEJANÍAS
752;22;MAPIRIPÁN
753;22;MESETAS
754;22;PUERTO CONCORDIA
755;22;PUERTO GAITÁN
756;22;PUERTO LLERAS
757;22;PUERTO LÓPEZ
758;22;PUERTO RICO
759;22;RESTREPO
760;22;SAN CARLOS DE GUAROA
761;22;SAN JUAN DE ARAMA
762;22;SAN JUANITO
763;22;SAN LUIS DE CUBARRAL
764;22;SAN MARTÍN
765;22;URIBE
766;22;VILLAVICENCIO
767;22;VISTAHERMOSA
768;23;ALBÁN
769;23;ALDANA
770;23;ANCUYÁ
771;23;ARBOLEDA
772;23;BARBACOAS
773;23;BELÉN
774;23;BUESACO
775;23;CHACHAGÜÍ
776;23;COLÓN
777;23;CONSACÁ
778;23;CONTADERO
779;23;CÓRDOBA
780;23;CUASPÚD
781;23;CUMBAL
782;23;CUMBITARA
783;23;EL CHARCO
784;23;EL PEÑOL
785;23;EL ROSARIO
786;23;EL TABLÓN DE GÓMEZ
787;23;EL TAMBO
788;23;FRANCISCO PIZARRO
789;23;FUNES
790;23;GUACHUCAL
791;23;GUAITARILLA
792;23;GUALMATÁN
793;23;ILES
794;23;IMUÉS
795;23;IPIALES
796;23;LA CRUZ
797;23;LA FLORIDA
798;23;LA LLANADA
799;23;LA TOLA
800;23;LA UNIÓN
801;23;LEIVA
802;23;LINARES
803;23;LOS ANDES
804;23;MAGÜÍ
805;23;MALLAMA
806;23;MOSQUERA
807;23;NARIÑO
808;23;OLAYA HERRERA
809;23;OSPINA
810;23;PASTO
811;23;POLICARPA
812;23;POTOSÍ
813;23;PROVIDENCIA
814;23;PUERRES
815;23;PUPIALES
816;23;RICAURTE
817;23;ROBERTO PAYÁN
818;23;SAMANIEGO
819;23;SAN ANDRÉS DE TUMACO
820;23;SAN BERNARDO
821;23;SAN LORENZO
822;23;SAN PABLO
823;23;SAN PEDRO DE CARTAGO
824;23;SANDONÁ
825;23;SANTA BÁRBARA
826;23;SANTACRUZ
827;23;SAPUYES
828;23;TAMINANGO
829;23;TANGUA
830;23;TÚQUERRES
831;23;YACUANQUER
832;24;ÁBREGO
833;24;ARBOLEDAS
834;24;BOCHALEMA
835;24;BUCARASICA
836;24;CÁCHIRA
837;24;CÁCOTA
838;24;CHINÁCOTA
839;24;CHITAGÁ
840;24;CONVENCIÓN
841;24;CÚCUTA
842;24;CUCUTILLA
843;24;DURANIA
844;24;EL CARMEN
845;24;EL TARRA
846;24;EL ZULIA
847;24;GRAMALOTE
848;24;HACARÍ
849;24;HERRÁN
850;24;LA ESPERANZA
851;24;LA PLAYA
852;24;LABATECA
853;24;LOS PATIOS
854;24;LOURDES
855;24;MUTISCUA
856;24;OCAÑA
857;24;PAMPLONA
858;24;PAMPLONITA
859;24;PUERTO SANTANDER
860;24;RAGONVALIA
861;24;SALAZAR
862;24;SAN CALIXTO
863;24;SAN CAYETANO
864;24;SANTIAGO
865;24;SARDINATA
866;24;SILOS
867;24;TEORAMA
868;24;TIBÚ
869;24;TOLEDO
870;24;VILLA CARO
871;24;VILLA DEL ROSARIO
872;25;COLÓN
873;25;MOCOA
874;25;ORITO
875;25;PUERTO ASÍS
876;25;PUERTO CAICEDO
877;25;PUERTO GUZMÁN
878;25;PUERTO LEGUÍZAMO
879;25;SAN FRANCISCO
880;25;SAN MIGUEL
881;25;SANTIAGO
882;25;SIBUNDOY
883;25;VALLE DEL GUAMUEZ
884;25;VILLAGARZÓN
885;26;ARMENIA
886;26;BUENAVISTA
887;26;CALARCÁ
888;26;CIRCASIA
889;26;CÓRDOBA
890;26;FILANDIA
891;26;GÉNOVA
892;26;LA TEBAIDA
893;26;MONTENEGRO
894;26;PIJAO
895;26;QUIMBAYA
896;26;SALENTO
897;27;APÍA
898;27;BALBOA
899;27;BELÉN DE UMBRÍA
900;27;DOSQUEBRADAS
901;27;GUÁTICA
902;27;LA CELIA
903;27;LA VIRGINIA
904;27;MARSELLA
905;27;MISTRATÓ
906;27;PEREIRA
907;27;PUEBLO RICO
908;27;QUINCHÍA
909;27;SANTA ROSA DE CABAL
910;27;SANTUARIO
911;28;AGUADA
912;28;ALBANIA
913;28;ARATOCA
914;28;BARBOSA
915;28;BARICHARA
916;28;BARRANCABERMEJA
917;28;BETULIA
918;28;BOLÍVAR
919;28;BUCARAMANGA
920;28;CABRERA
921;28;CALIFORNIA
922;28;CAPITANEJO
923;28;CARCASÍ
924;28;CEPITÁ
925;28;CERRITO
926;28;CHARALÁ
927;28;CHARTA
928;28;CHIMA
929;28;CHIPATÁ
930;28;CIMITARRA
931;28;CONCEPCIÓN
932;28;CONFINES
933;28;CONTRATACIÓN
934;28;COROMORO
935;28;CURITÍ
936;28;EL CARMEN DE CHUCURÍ
937;28;EL GUACAMAYO
938;28;EL PEÑÓN
939;28;EL PLAYÓN
940;28;ENCINO
941;28;ENCISO
942;28;FLORIÁN
943;28;FLORIDABLANCA
944;28;GALÁN
945;28;GÁMBITA
946;28;GIRÓN
947;28;GUACA
948;28;GUADALUPE
949;28;GUAPOTÁ
950;28;GUAVATÁ
951;28;GÜEPSA
952;28;HATO
953;28;JESÚS MARÍA
954;28;JORDÁN
955;28;LA BELLEZA
956;28;LA PAZ
957;28;LANDÁZURI
958;28;LEBRIJA
959;28;LOS SANTOS
960;28;MACARAVITA
961;28;MÁLAGA
962;28;MATANZA
963;28;MOGOTES
964;28;MOLAGAVITA
965;28;OCAMONTE
966;28;OIBA
967;28;ONZAGA
968;28;PALMAR
969;28;PALMAS DEL SOCORRO
970;28;PÁRAMO
971;28;PIEDECUESTA
972;28;PINCHOTE
973;28;PUENTE NACIONAL
974;28;PUERTO PARRA
975;28;PUERTO WILCHES
976;28;RIONEGRO
977;28;SABANA DE TORRES
978;28;SAN ANDRÉS
979;28;SAN BENITO
980;28;SAN GIL
981;28;SAN JOAQUÍN
982;28;SAN JOSÉ DE MIRANDA
983;28;SAN MIGUEL
984;28;SAN VICENTE DE CHUCURÍ
985;28;SANTA BÁRBARA
986;28;SANTA HELENA DEL OPÓN
987;28;SIMACOTA
988;28;SOCORRO
989;28;SUAITA
990;28;SUCRE
991;28;SURATÁ
992;28;TONA
993;28;VALLE DE SAN JOSÉ
994;28;VÉLEZ
995;28;VETAS
996;28;VILLANUEVA
997;28;ZAPATOCA
998;29;BUENAVISTA
999;29;CAIMITO
1000;29;CHALÁN
1001;29;COLOSO
1002;29;COROZAL
1003;29;COVEÑAS
1004;29;EL ROBLE
1005;29;GALERAS
1006;29;GUARANDA
1007;29;LA UNIÓN
1008;29;LOS PALMITOS
1009;29;MAJAGUAL
1010;29;MORROA
1011;29;OVEJAS
1012;29;PALMITO
1013;29;SAMPUÉS
1014;29;SAN BENITO ABAD
1015;29;SAN JUAN DE BETULIA
1016;29;SAN LUIS DE SINCÉ
1017;29;SAN MARCOS
1018;29;SAN ONOFRE
1019;29;SAN PEDRO
1020;29;SANTIAGO DE TOLÚ
1021;29;SINCELEJO
1022;29;SUCRE
1023;29;TOLÚ VIEJO
1024;30;ALPUJARRA
1025;30;ALVARADO
1026;30;AMBALEMA
1027;30;ANZOÁTEGUI
1028;30;ARMERO GUAYABAL
1029;30;ATACO
1030;30;CAJAMARCA
1031;30;CARMEN DE APICALÁ
1032;30;CASABIANCA
1033;30;CHAPARRAL
1034;30;COELLO
1035;30;COYAIMA
1036;30;CUNDAY
1037;30;DOLORES
1038;30;ESPINAL
1039;30;FALAN
1040;30;FLANDES
1041;30;FRESNO
1042;30;GUAMO
1043;30;HERVEO
1044;30;HONDA
1045;30;IBAGUÉ
1046;30;ICONONZO
1047;30;LÉRIDA
1048;30;LÍBANO
1049;30;MELGAR
1050;30;MURILLO
1051;30;NATAGAIMA
1052;30;ORTEGA
1053;30;PALOCABILDO
1054;30;PIEDRAS
1055;30;PLANADAS
1056;30;PRADO
1057;30;PURIFICACIÓN
1058;30;RIOBLANCO
1059;30;RONCESVALLES
1060;30;ROVIRA
1061;30;SALDAÑA
1062;30;SAN ANTONIO
1063;30;SAN LUIS
1064;30;SAN SEBASTIÁN DE MARIQUITA
1065;30;SANTA ISABEL
1066;30;SUÁREZ
1067;30;VALLE DE SAN JUAN
1068;30;VENADILLO
1069;30;VILLAHERMOSA
1070;30;VILLARRICA
1071;31;ALCALÁ
1072;31;ANDALUCÍA
1073;31;ANSERMANUEVO
1074;31;ARGELIA
1075;31;BOLÍVAR
1076;31;BUENAVENTURA
1077;31;BUGALAGRANDE
1078;31;CAICEDONIA
1079;31;CALI
1080;31;CALIMA
1081;31;CANDELARIA
1082;31;CARTAGO
1083;31;DAGUA
1084;31;EL ÁGUILA
1085;31;EL CAIRO
1086;31;EL CERRITO
1087;31;EL DOVIO
1088;31;FLORIDA
1089;31;GINEBRA
1090;31;GUACARÍ
1091;31;GUADALAJARA DE BUGA
1092;31;JAMUNDÍ
1093;31;LA CUMBRE
1094;31;LA UNIÓN
1095;31;LA VICTORIA
1096;31;OBANDO
1097;31;PALMIRA
1098;31;PRADERA
1099;31;RESTREPO
1100;31;RIOFRÍO
1101;31;ROLDANILLO
1102;31;SAN PEDRO
1103;31;SEVILLA
1104;31;TORO
1105;31;TRUJILLO
1106;31;TULUÁ
1107;31;ULLOA
1108;31;VERSALLES
1109;31;VIJES
1110;31;YOTOCO
1111;31;YUMBO
1112;31;ZARZAL
1113;32;CARURÚ
1114;32;MITÚ
1115;32;PACOA
1116;32;PAPUNAUA
1117;32;TARAIRA
1118;32;YAVARATÉ
1119;33;CUMARIBO
1120;33;LA PRIMAVERA
1121;33;PUERTO CARREÑO
1122;33;SANTA ROSALÍA
